[{"@type":"mappingTemplate","id":"@1","name":"Mapping_RESTV2","description":"","bundleVersion":"0","assetFrsGuid":"6pJxACvqlgYfN7HmZeN5UH","templateId":"@3","hasParameters":false,"valid":true,"fixedConnection":true,"hasParametersDeployed":false,"fixedConnectionDeployed":false,"isSchemaValidationEnabled":false,"tasks":0,"mappingPreviewFileRecordId":"@2","documentType":"MAPPING","references":[{"@type":"reference","refObjectId":"@1LH1SYTBY4Ug1HYQnOmDA8","refType":"connection"},{"@type":"reference","refObjectId":"@3e2n4F2AYaMbgSNVfvtq8Q","refType":"connection"}]}]